Dose,Response
50,0.18627451
60,0.214876033
70,0.216216216
80,0.295238095
90,0.461538462
100,0.768518519
